timestamp,q[0],q[1],q[2],q[3]
651830910,0.6794954,0.005421689,-0.016418874,0.733476
651883710,0.67949873,0.005417256,-0.016414786,0.73347306
651935714,0.6794958,0.00540919,-0.016405884,0.7334761
651987720,0.67950046,0.005413847,-0.016413746,0.7334715
652300511,0.67947066,0.005293545,-0.016594673,0.733496
652352516,0.6794302,0.005178642,-0.016583154,0.73353446
652404559,0.67947656,0.005077939,-0.016613629,0.7334916
652456531,0.6795142,0.004966545,-0.016621282,0.73345727
652508517,0.6794476,0.004757339,-0.016631981,0.7335201
652564507,0.6794871,0.00467064,-0.016684927,0.73348284
652616516,0.67944753,0.004724687,-0.01660973,0.7335209
652668511,0.67949903,0.004692748,-0.016671836,0.73347205
652720511,0.6795116,0.004660767,-0.016690478,0.7334601
652772531,0.6794624,0.004603008,-0.016683042,0.73350626
652824516,0.6795426,0.004458039,-0.016747473,0.73343134
652876511,0.67941755,0.004440394,-0.016722688,0.73354787
652928513,0.67944294,0.004631854,-0.016763289,0.73352224
652981461,0.6794912,0.004618939,-0.016706826,0.73347884
653034118,0.6794614,0.004476098,-0.016832527,0.73350453
653086139,0.6794567,0.004527355,-0.01680522,0.7335091
653138119,0.6793622,0.00451192,-0.01682208,0.73359644
653190116,0.6794142,0.004385474,-0.016884709,0.73354757
653242140,0.6794334,0.004164456,-0.016947234,0.7335297
653294119,0.67941695,0.004127215,-0.017006794,0.73354375
653346127,0.6794065,0.004218324,-0.016966872,0.73355377
653398138,0.6794114,0.004292768,-0.016955663,0.7335491
653450117,0.679435,0.004207572,-0.016938256,0.7335281
653506120,0.679419,0.00416491,-0.016927788,0.73354346
653558114,0.67940176,0.004208581,-0.016911265,0.73355955
653610127,0.6794695,0.004250058,-0.01686716,0.73349756
653662137,0.6794544,0.00420578,-0.016860396,0.733512
653715019,0.6794397,0.003965939,-0.016861692,0.73352695
653767027,0.67945427,0.004112391,-0.016862843,0.7335126
653819023,0.67938936,0.004281316,-0.016764408,0.73357403
653871038,0.6794662,0.004276556,-0.01680974,0.73350185
653922913,0.6794999,0.004150346,-0.016845534,0.7334705
653974911,0.67938185,0.004158667,-0.01688284,0.733579
654026911,0.6794756,0.004317156,-0.016869444,0.7334915
654078915,0.67938966,0.004333453,-0.01688917,0.7335705
654130920,0.67945206,0.004374797,-0.016883673,0.7335126
654182932,0.6794854,0.004388978,-0.016901815,0.7334812
654234914,0.6794372,0.004431802,-0.016857391,0.7335266
654286915,0.6794653,0.004482832,-0.016849741,0.73350054
654338914,0.6794356,0.00439049,-0.016835745,0.7335289
654394908,0.6794427,0.004255683,-0.016900929,0.7335216
654446909,0.67942524,0.004221856,-0.01683931,0.7335394
654498912,0.67940265,0.004313191,-0.016860615,0.7335593
654550936,0.6794695,0.004326291,-0.016811555,0.7334984
654602914,0.67939836,0.004347968,-0.016835334,0.7335636
654656511,0.67939,0.004190401,-0.016810656,0.7335729
654708513,0.67941743,0.004101914,-0.016871618,0.73354656
654760513,0.6794054,0.004152631,-0.016857374,0.7335577
654812525,0.67946005,0.004218028,-0.016845535,0.73350704
654864515,0.6794227,0.004269147,-0.016843416,0.73354137
654916515,0.6794948,0.00432449,-0.016865542,0.7334737
654972548,0.67945457,0.004354731,-0.016829992,0.7335116
655024509,0.679456,0.004466911,-0.01684389,0.73350936
655076516,0.6794487,0.004465712,-0.016879624,0.7335152
655128509,0.6794022,0.004419356,-0.016885975,0.73355854
655180514,0.67940444,0.00437426,-0.016841028,0.73355776
655232537,0.6794431,0.004298932,-0.016861157,0.7335219
655284513,0.6794086,0.004417409,-0.016855652,0.7335533
655337430,0.6794731,0.004247638,-0.016900826,0.7334935
655389446,0.679384,0.003598727,-0.017021658,0.73357666
655441439,0.6793477,0.003231373,-0.017168932,0.73360866
655497424,0.67942905,0.002793327,-0.0173516,0.73353076
655549421,0.6795297,0.002555432,-0.017527064,0.73343414
655601320,0.67959905,0.002432329,-0.017698279,0.73336625
655653318,0.67962855,0.002227843,-0.017860569,0.7333357
655705327,0.6796585,0.002324958,-0.017903442,0.7333065
655757312,0.67966896,0.002247019,-0.018016927,0.7332943
655809350,0.67972845,0.002130128,-0.01819697,0.73323506
655861317,0.67977244,0.002462282,-0.018313525,0.73319036
655917335,0.67979854,0.003491292,-0.01584394,0.73321944
655969308,0.67963696,0.004502077,-0.013918918,0.73340285
656021316,0.67927843,0.005957347,-0.013199376,0.73373777
656073316,0.6789178,0.005783083,-0.011303355,0.7341045
656125318,0.67848045,0.007456734,-0.011087155,0.73449695
656177319,0.6781741,0.007433476,-0.009698152,0.7347998
656229350,0.6780839,0.007157,-0.011012998,0.7348672
656282234,0.678007,0.006425068,-0.011169898,0.7349426
656334913,0.6779824,0.005441861,-0.010475538,0.73498344
656386916,0.6779182,0.0050557,-0.009796434,0.73505473
656438916,0.67809427,0.002646789,-0.010385761,0.7348969
656494912,0.67865956,0.003887896,-0.012222503,0.734341
656546934,0.6794748,0.00322617,-0.011891492,0.73359543
656598917,0.6801841,0.003055509,-0.014720507,0.7328872
656650914,0.6809422,0.003335833,-0.015795393,0.73215926
656702916,0.6816127,0.004122768,-0.015586406,0.7315356
656754913,0.6820226,0.005856417,-0.017928485,0.7310879
656806917,0.6819967,0.004105043,-0.016867295,0.7311492
656858916,0.6820012,0.00469773,-0.015749382,0.7311664
656914927,0.68165153,0.004753012,-0.016048871,0.73148555
656967828,0.680982,0.003142147,-0.016946172,0.7320974
657019836,0.68055654,0.004620621,-0.016174914,0.73250246
657071866,0.68031096,0.005290314,-0.017587852,0.7326935
657123834,0.6801143,0.004714084,-0.01825726,0.7328636
657175832,0.68021655,0.005969269,-0.01885149,0.7327445
657227715,0.6804312,0.004862801,-0.01721456,0.73259366
657279735,0.68061167,0.004287707,-0.018880421,0.73238856
657331718,0.6807877,0.004548631,-0.018970389,0.732221
657387718,0.68075466,0.005380035,-0.020188456,0.73221356
657439740,0.680457,0.004957003,-0.02090495,0.7324731
657491736,0.6801402,0.004982923,-0.020266049,0.73278505
657543710,0.67965335,0.006677529,-0.019902445,0.7332331
657595714,0.6794017,0.005829367,-0.018645853,0.7335065
657647727,0.6789534,0.004895204,-0.018754639,0.7339255
657699713,0.67839605,0.005362909,-0.017866911,0.73445964
657751733,0.67787015,0.005743651,-0.019698642,0.7348953
657803717,0.67742413,0.005187069,-0.019954193,0.7353037
657855714,0.6771383,0.00668052,-0.019950185,0.73555493
657905317,0.6768741,0.006645259,-0.019951576,0.7357984
657961324,0.67657113,0.006694289,-0.020573627,0.73605937
658013317,0.67632204,0.008078032,-0.019541305,0.73630255
658065316,0.67608136,0.008338383,-0.020221723,0.73650235
658117317,0.67585397,0.008562277,-0.020088542,0.73671204
658169330,0.6756542,0.008774263,-0.019229915,0.7369157
658221325,0.6754362,0.008960346,-0.020165248,0.73708826
658273360,0.67522246,0.009032058,-0.020619417,0.73727065
658325319,0.6750338,0.008921016,-0.020384151,0.7374513
658381316,0.6748769,0.009264732,-0.0194595,0.7376155
658433313,0.6747226,0.009315955,-0.019064376,0.73776644
658485311,0.67455673,0.009383732,-0.019087052,0.7379166
658537311,0.674388,0.009751111,-0.018222163,0.73808795
658589309,0.67422783,0.009973138,-0.018456515,0.73822546
658642244,0.67406017,0.00924806,-0.018224385,0.7383938
658694238,0.674001,0.010107979,-0.018954225,0.73841816
658746231,0.6740176,0.009610611,-0.01849194,0.7384213
658798247,0.67396927,0.009364375,-0.01823692,0.73847497
658850231,0.6739203,0.009292271,-0.01817828,0.73852205
658902153,0.6739567,0.009066012,-0.018602667,0.738481
658954146,0.6739838,0.009140328,-0.018884687,0.73844814
659006128,0.67397004,0.008884226,-0.01926337,0.73845404
659058133,0.67397916,0.009058194,-0.019394517,0.7384402
659110127,0.6740203,0.008536628,-0.020214688,0.7383869
659162128,0.67403483,0.008390551,-0.01977118,0.7383873
659218116,0.6739793,0.008711765,-0.019686857,0.7384366
659270120,0.6739186,0.00768216,-0.02023784,0.73848844
659322124,0.6739667,0.007759816,-0.020514874,0.7384361
659374120,0.6739642,0.007447514,-0.02083703,0.73843265
659426118,0.6739937,0.007216124,-0.020552788,0.73841596
659478114,0.67394876,0.006898652,-0.020628855,0.73845786
659530134,0.6740081,0.007054222,-0.020865101,0.73839563
659583021,0.67407507,0.007192339,-0.02132956,0.7383199
659635025,0.67415917,0.007898849,-0.02244841,0.73820263
659687033,0.67425185,0.00838726,-0.023625681,0.73807585
659739024,0.6742585,0.008074475,-0.022939721,0.738095
659790911,0.6741952,0.008130369,-0.023484193,0.738135
659842944,0.67414176,0.00751857,-0.022262266,0.73822814
659894918,0.67400116,0.006740914,-0.020391213,0.73841816
659946913,0.6738803,0.005983783,-0.019983362,0.7385461
659998927,0.67370003,0.005436468,-0.018717548,0.73874784
660050918,0.6735384,0.005856414,-0.018494647,0.7388977
660106917,0.6733096,0.004847203,-0.017769752,0.7391312
660158911,0.67312807,0.004762034,-0.017970942,0.73929226
660210914,0.6729871,0.004695871,-0.017021213,0.7394435
660262912,0.6728171,0.005131967,-0.017427327,0.7395858
660314909,0.6726429,0.004687973,-0.016666956,0.73976475
660366913,0.6725768,0.005275147,-0.016473528,0.73982525
660418917,0.67252105,0.005198521,-0.01656374,0.73987436
660470909,0.6724566,0.005140248,-0.017085802,0.73992145
660524521,0.67242783,0.005517672,-0.017216455,0.7399419
660576517,0.6724865,0.00580924,-0.018170955,0.7398636
660628511,0.67256737,0.0051626,-0.018192826,0.7397943
660684516,0.6726394,0.005974393,-0.018046508,0.73972625
660736512,0.67273,0.005658802,-0.018139644,0.73964405
660788511,0.6727355,0.006339679,-0.01868208,0.73962003
660840516,0.6728091,0.006768214,-0.018144604,0.73956263
660892519,0.67289877,0.006791682,-0.019068427,0.7394576
660944527,0.67291003,0.007273273,-0.019541072,0.7394304
660996520,0.67297894,0.007346557,-0.019185789,0.73937637
661048529,0.6730672,0.007715016,-0.020310236,0.7392622
661104515,0.67304945,0.007123841,-0.02110386,0.73926204
661156510,0.67308617,0.007433852,-0.0202359,0.7392498
661209421,0.67313486,0.007321899,-0.020065159,0.73921126
661261433,0.6731355,0.006822555,-0.020472111,0.7392042
661313423,0.6731559,0.007158869,-0.01929933,0.7392141
661365428,0.6731347,0.006947783,-0.019479442,0.7392307
661417310,0.67304885,0.006127752,-0.019496627,0.7393157
661469330,0.6730112,0.005508055,-0.019680724,0.73934996
661521354,0.67308944,0.005878591,-0.019218205,0.73928803
661573318,0.67308795,0.005522945,-0.019398168,0.7392874
661629313,0.6730416,0.006232703,-0.01919966,0.7393292
661681319,0.6730478,0.006291654,-0.01867037,0.7393366
661733309,0.67308587,0.005752568,-0.018538298,0.7393096
661785315,0.6730494,0.005959727,-0.017578207,0.7393646
661837312,0.67298055,0.005969204,-0.017183794,0.73943645
661889314,0.67285717,0.005417409,-0.017635949,0.73954237
661941351,0.67279655,0.005762145,-0.017697109,0.7395935
661993312,0.6727039,0.006382364,-0.017324729,0.7396814
662049315,0.67259496,0.00606301,-0.017258704,0.7397847
662101317,0.6724954,0.005995526,-0.017153189,0.73987824
662150915,0.67254055,0.006082037,-0.01691544,0.739842
662206913,0.672503,0.005871458,-0.017252665,0.7398701
662258919,0.6725219,0.00601365,-0.017667945,0.73984194
662310912,0.6724661,0.006117069,-0.016974842,0.739908
662362930,0.67251337,0.006648356,-0.016780006,0.73986495
662414916,0.67250496,0.006421752,-0.016950484,0.73987067
662466917,0.6724931,0.006707047,-0.017052304,0.73987657
662518918,0.6724668,0.006533994,-0.017235173,0.7398978
662570913,0.67250174,0.006301135,-0.017083524,0.7398715
662626928,0.6725013,0.006809067,-0.01737998,0.7398605
662678915,0.672481,0.006432939,-0.017930562,0.7398693
662730919,0.6724849,0.006821926,-0.018277809,0.73985374
662782914,0.67244256,0.007283083,-0.018245442,0.7398886
662835829,0.6723168,0.006874596,-0.018564252,0.7399989
662887824,0.6723238,0.006583477,-0.018819846,0.7399886
662939838,0.67236894,0.006220197,-0.019042185,0.7399452
662991824,0.6723219,0.005679361,-0.018970376,0.73999405
663043840,0.672299,0.005935181,-0.019328011,0.7400036
663099739,0.6722899,0.005902024,-0.019249573,0.74001426
663151720,0.6722979,0.005706241,-0.020204725,0.73998296
663203714,0.6723331,0.005368294,-0.01960649,0.7399696
663255737,0.67238665,0.005695255,-0.019847646,0.7399121
663307709,0.6723695,0.005214842,-0.019711323,0.73993486
663359728,0.6723422,0.005160768,-0.02028233,0.7399446
663411750,0.6723373,0.005055562,-0.02059849,0.7399411
663463720,0.6722514,0.005712071,-0.021069858,0.740001
663519739,0.6722571,0.005172114,-0.02104974,0.7400004
663571715,0.6723136,0.005535782,-0.020679135,0.7399569
663623713,0.6722923,0.005314563,-0.019812692,0.74000156
663675712,0.67232525,0.005869693,-0.020076964,0.7399603
663727731,0.672358,0.005476858,-0.019646723,0.7399452
663780623,0.6724684,0.005607699,-0.019478897,0.73984826
663832661,0.67239916,0.005762885,-0.019494751,0.7399096
663884622,0.67239434,0.005803957,-0.01947252,0.73991424
663936622,0.6724292,0.005444612,-0.019387396,0.7398875
663988518,0.67243195,0.005580718,-0.01886634,0.7398975
664044519,0.6724286,0.005498753,-0.01878538,0.7399032
664096513,0.67239887,0.005628423,-0.018794594,0.73992896
664148512,0.6723795,0.005502468,-0.019236803,0.7399362
664200532,0.672355,0.005933626,-0.018789303,0.7399666
664252528,0.67226416,0.00568741,-0.018692996,0.74005353
664304539,0.67219746,0.00571475,-0.018948505,0.74010736
664356518,0.6721858,0.006256926,-0.018766701,0.74011827
664408515,0.67212677,0.0056449,-0.018886516,0.74017376
664464514,0.6720409,0.00548069,-0.018564105,0.7402611
664516514,0.671863,0.005866788,-0.018785413,0.740414
664568512,0.67173153,0.005510181,-0.018501908,0.7405432
664620513,0.6716177,0.005301895,-0.018470965,0.7406487
664672564,0.67154914,0.005604031,-0.018358424,0.7407114
664725432,0.6714896,0.005540771,-0.018595118,0.7407599
664777438,0.6715101,0.005783412,-0.01774683,0.7407603
664829426,0.67156094,0.006323676,-0.01772265,0.74071044
664881452,0.6715823,0.005988588,-0.017501416,0.7406991
664933319,0.671668,0.006506643,-0.017506609,0.74061686
664989319,0.6716919,0.00709274,-0.01741496,0.74059206
665041337,0.67164296,0.007383823,-0.01785636,0.74062306
665093319,0.6715669,0.007317079,-0.01771783,0.74069595
665145314,0.67152286,0.007524396,-0.01793136,0.74072874
665197342,0.6715004,0.007770906,-0.018560186,0.74073106
665249314,0.6713956,0.007457047,-0.018625598,0.74082756
665301351,0.6713855,0.007621361,-0.018946422,0.7408269
665353318,0.67145705,0.007452324,-0.01906481,0.74076074
665409319,0.671473,0.007319008,-0.019051015,0.7407479
665461328,0.6715179,0.007270571,-0.01878103,0.7407146
665513309,0.67162424,0.006958161,-0.018804474,0.7406207
665565310,0.6717091,0.006717382,-0.018958041,0.740542
665617308,0.6717201,0.006568964,-0.01866026,0.74054086
665670928,0.67169017,0.006063399,-0.018433021,0.74057806
665722917,0.67172134,0.006546514,-0.018594515,0.7405417
665774918,0.67166513,0.005979525,-0.018396802,0.7406023
665826914,0.671695,0.005719656,-0.018377097,0.7405778
665878917,0.67169887,0.00563422,-0.018707568,0.7405667
665930910,0.6717499,0.005925075,-0.01846386,0.7405243
665986911,0.6717102,0.005185943,-0.018541493,0.74056387
666038928,0.6717021,0.005460877,-0.019068386,0.7405558
666090913,0.67164576,0.005522833,-0.01824062,0.7406273
666142912,0.6715438,0.004909912,-0.018630363,0.7407144
666194914,0.6714113,0.004381864,-0.018776892,0.7408341
666246929,0.6713441,0.004616273,-0.01870941,0.7408953
666298911,0.6713486,0.004406471,-0.018838203,0.74088925
666351844,0.67131716,0.004378834,-0.019422887,0.74090284
666403837,0.67136765,0.004267822,-0.019172717,0.74086416
666455828,0.67136914,0.003893216,-0.019316588,0.7408611
666507835,0.6712442,0.004165107,-0.019093864,0.74097866
666559850,0.6711445,0.004375704,-0.018593306,0.7410805
666611712,0.67100877,0.004787614,-0.018360522,0.7412066
666663740,0.67090285,0.004898663,-0.017834617,0.7413146
666715717,0.6707775,0.005053221,-0.017759804,0.74142885
666767726,0.67053396,0.005675558,-0.01742365,0.74165255
666819833,0.6701967,0.005818855,-0.0177375,0.7419487
666871737,0.6699527,0.005714076,-0.018436514,0.7421529
666923710,0.66971034,0.00638872,-0.017434496,0.7423903
666975717,0.6694912,0.005848741,-0.016379666,0.7426165
667027711,0.66935277,0.006514393,-0.016922703,0.7427234
667079728,0.6692486,0.006666192,-0.016449349,0.7428266
667131720,0.6692938,0.007170595,-0.016169855,0.74278736
667187732,0.6693705,0.00661682,-0.016182259,0.7427231
667239720,0.6695947,0.006724712,-0.016122311,0.74252135
667289352,0.66988814,0.006957222,-0.01646208,0.742247
667341327,0.6701393,0.006469239,-0.015843913,0.7420381
667397311,0.67062134,0.006710463,-0.01623581,0.7415919
667449329,0.67099065,0.0065152,-0.016396197,0.74125594
667501321,0.67142755,0.006249131,-0.01644569,0.7408614
667553312,0.6718773,0.006448418,-0.01635845,0.7404538
667605334,0.6723031,0.005803874,-0.016393922,0.7400717
667657317,0.6726751,0.005680817,-0.016364437,0.7397353
667709374,0.67301035,0.005749334,-0.016417388,0.7394286
667761319,0.6734275,0.005953194,-0.016811257,0.73903817
667817310,0.67386013,0.005624017,-0.01719389,0.7386375
667869317,0.6742573,0.005714854,-0.017626846,0.738264
667921313,0.6746219,0.005630716,-0.01762833,0.73793155
667974227,0.6750254,0.006163445,-0.017896619,0.7375517
668026916,0.6753017,0.005938524,-0.017926339,0.7372999
668078917,0.6755326,0.006049669,-0.017682299,0.7370933
668130914,0.67576104,0.006318621,-0.018146524,0.73687035
668182947,0.6758462,0.006004995,-0.0186819,0.7367815
668234913,0.6758414,0.006299171,-0.019118818,0.7367722
668286917,0.67584914,0.007122943,-0.01910777,0.7367579
668338908,0.6757628,0.007203683,-0.019393388,0.73682886
668394915,0.6757426,0.007584706,-0.01911446,0.73685074
668446916,0.6757557,0.00739116,-0.018777546,0.7368494
668498911,0.67565197,0.007991652,-0.018905936,0.736935
668550911,0.6755331,0.007763131,-0.019290928,0.73703635
668602913,0.6755008,0.007916963,-0.019498132,0.73705894
668654927,0.6754428,0.00815692,-0.019508578,0.7371092
668707826,0.67531353,0.008031479,-0.018720595,0.73724943
668759844,0.67523414,0.007686247,-0.018906355,0.73732114
668811844,0.6752033,0.008263599,-0.01870566,0.7373482
668863838,0.67515236,0.008118292,-0.018373147,0.7374048
668915711,0.6751952,0.008304584,-0.019046267,0.7373464
668967743,0.6752265,0.008392029,-0.019233692,0.73731196
669019729,0.67530704,0.00909918,-0.019461825,0.73722374
669071720,0.67553186,0.008614215,-0.019097924,0.7370331
669123715,0.6757774,0.009425944,-0.019234393,0.7367946
669175717,0.67609215,0.00851014,-0.018498909,0.73653567
669231731,0.67625713,0.008692728,-0.018207707,0.73638934
669283712,0.6763202,0.00869903,-0.018451115,0.73632526
669335716,0.6764145,0.008812471,-0.018145261,0.736245
669387716,0.6765094,0.008906545,-0.017935228,0.7361617
669439739,0.6766095,0.007841231,-0.018605407,0.73606527
669491748,0.6766531,0.008099778,-0.018516079,0.7360247
669543719,0.67672974,0.007792252,-0.018541992,0.73595685
669595720,0.6767263,0.007607359,-0.017936714,0.73597693
669644664,0.67676413,0.00649881,-0.016991349,0.7359752
669700625,0.67677325,0.004034697,-0.015153714,0.7360246
669752625,0.6768307,0.000913772,-0.011392492,0.73605
669804625,0.6768621,-0.005613608,-0.006351127,0.73606104
669856515,0.6768158,-0.009621636,-0.002280197,0.7360861
669908512,0.67665124,-0.01684317,0.005251211,0.7360923
669960520,0.6767428,-0.020823548,0.008695663,0.7358737
670012532,0.676613,-0.027166774,0.015165007,0.7356813
670064514,0.67667407,-0.029463725,0.017761745,0.7354785
670120509,0.676465,-0.03545855,0.022988154,0.7352615
670172531,0.67632365,-0.036798824,0.024323728,0.7352827
670224518,0.6760528,-0.041798603,0.027984742,0.7351343
670276546,0.67566466,-0.042221278,0.029372146,0.7354128
670328531,0.6752361,-0.045497168,0.03148407,0.73552364
670380519,0.67468524,-0.046644073,0.03334845,0.73587507
670432516,0.6741113,-0.048583083,0.03573121,0.73616374
670484510,0.6736571,-0.049212974,0.036818646,0.73648393
670540514,0.67305315,-0.051160008,0.03891619,0.73679554
670589427,0.6725305,-0.052440286,0.041113265,0.7370634
670645437,0.6721139,-0.052953348,0.041592155,0.7373798
670697429,0.67154753,-0.055535972,0.043600008,0.73758984
670749418,0.67102844,-0.056193057,0.044865794,0.73793656
670801325,0.67043936,-0.058366887,0.04677373,0.7381847
670853319,0.6697883,-0.058944717,0.047596127,0.7386771
670905316,0.66884893,-0.061911613,0.050459687,0.7390953
670957350,0.66792375,-0.063593306,0.053035095,0.73960876
671009316,0.6668761,-0.06682178,0.055665348,0.7400761
671065312,0.6657142,-0.06954756,0.05911706,0.7406031
671117328,0.6647213,-0.073489435,0.06297841,0.740796
671169318,0.66401666,-0.07696764,0.065934986,0.7408175
671221322,0.66305923,-0.081496686,0.07071135,0.74075013
671273328,0.66206044,-0.085467614,0.07524066,0.7407497
671325314,0.6613998,-0.08894443,0.07791043,0.74065465
671377348,0.6606413,-0.09167733,0.08097587,0.7406695
671429314,0.6600844,-0.093395375,0.0821444,0.74082273
671482252,0.6595272,-0.09463976,0.08302177,0.7410632
671534934,0.6589507,-0.09475034,0.08321844,0.7415397
671586912,0.658306,-0.094204135,0.08400199,0.7420933
671638916,0.65804183,-0.0935673,0.082524896,0.74257374
671690912,0.6576754,-0.09304919,0.08126631,0.7431022
671742912,0.6576068,-0.09218596,0.08018967,0.7433874
671794913,0.6575253,-0.091188364,0.07928737,0.7436792
671846926,0.657588,-0.08993626,0.077882335,0.7439246
671898914,0.6578892,-0.08898784,0.076119296,0.7439549
671950937,0.6580821,-0.08735741,0.07462294,0.74412906
672006910,0.65825814,-0.08743472,0.07390303,0.7440362
672058909,0.6585345,-0.08665714,0.072699845,0.7440011
672110910,0.6589359,-0.08624073,0.071551256,0.74380547
672162914,0.65919125,-0.08658014,0.070910715,0.743601
672215830,0.6593455,-0.08666114,0.0704988,0.743494
672267829,0.659482,-0.086549915,0.070062235,0.74342716
672319832,0.6597566,-0.0872094,0.069470145,0.74316204
672371830,0.6598794,-0.08924451,0.07056417,0.7427081
672423720,0.66005313,-0.09129345,0.07162496,0.742203
672479731,0.6599663,-0.09608853,0.07504647,0.7413363
672531755,0.65992266,-0.09892991,0.077271126,0.7407727
672583721,0.66005296,-0.10193829,0.07946183,0.7400166
672635716,0.6602098,-0.10331821,0.08144857,0.7394691
672687718,0.66066754,-0.10507027,0.08235771,0.7387124
672739715,0.6612372,-0.10579101,0.082708806,0.7380603
672791743,0.66182554,-0.10521243,0.08292129,0.7375917
672843729,0.6625345,-0.10516379,0.082899176,0.7369644
672899731,0.66329193,-0.105341576,0.08323167,0.73621976
672951742,0.6638652,-0.104022056,0.08384244,0.7358213
673003711,0.6644245,-0.10381496,0.08398596,0.73532915
673055710,0.6648685,-0.10324902,0.08394999,0.7350116
673107712,0.6653052,-0.10228402,0.083674304,0.7347827
673160619,0.66586775,-0.101670116,0.08290075,0.7344459
673212626,0.6662814,-0.10070483,0.08244762,0.73425484
673264619,0.66673326,-0.10019204,0.08224116,0.7339378
673316626,0.6671735,-0.099858016,0.08175869,0.7336372
673368517,0.6676052,-0.099758245,0.081263304,0.73331296
673424526,0.66802216,-0.09938089,0.081239656,0.73298705
673476516,0.66839683,-0.09946937,0.08129471,0.73262733
673528526,0.6686782,-0.0996956,0.08150428,0.73231643
673580516,0.6688793,-0.099680096,0.08160468,0.73212373
673632516,0.66874295,-0.099184364,0.08208746,0.73226166
673684511,0.6684758,-0.09921663,0.082525685,0.73245186
673736514,0.66814095,-0.09896628,0.08280636,0.7327596
673788564,0.66768897,-0.0992329,0.083087504,0.7331035
673844640,0.66720307,-0.09946734,0.082477584,0.73358285
673896512,0.6667144,-0.09869064,0.081576616,0.73423254
673948511,0.6660556,-0.09878087,0.08107542,0.7348735
674000512,0.6653983,-0.099499315,0.08053345,0.7354315
674052510,0.66465086,-0.09939808,0.080522545,0.73612195
674105431,0.6641188,-0.10004737,0.07991624,0.7365801
674157424,0.66392046,-0.09948208,0.078580335,0.73697907
674209428,0.6633972,-0.10104259,0.079620145,0.7371264
674261446,0.6628356,-0.10232109,0.080631174,0.7373453
674313320,0.6620195,-0.10592578,0.083513655,0.73724854
674365311,0.66097873,-0.11214883,0.088641934,0.73666304
674417328,0.6603717,-0.11546003,0.09179947,0.7363091
674469314,0.6598565,-0.11909791,0.095019974,0.73578286
674521319,0.6594167,-0.1235041,0.09922327,0.7348954
674573316,0.6595726,-0.12543243,0.101048276,0.73417985
674625355,0.6595988,-0.12745647,0.103437714,0.73347455
674677317,0.65996367,-0.12846746,0.10409279,0.7328771
674733314,0.660379,-0.12914746,0.10587877,0.73212725
674785356,0.6608321,-0.1295275,0.10693549,0.73149735
674837317,0.661201,-0.13129906,0.10914167,0.73052174
674889309,0.66191274,-0.1318818,0.109998375,0.72964317
674941322,0.66231453,-0.13337566,0.11248656,0.728627
674994270,0.66321504,-0.13268983,0.11258206,0.727918
675046918,0.6638383,-0.13416648,0.114280954,0.7268136
675098913,0.66442263,-0.1335697,0.11461061,0.7263375
675150918,0.6647242,-0.13497923,0.11630877,0.7255307
675202916,0.66452044,-0.13585751,0.11837544,0.725219
675254918,0.6644389,-0.13760027,0.11986877,0.7247197
675310914,0.6637769,-0.14050382,0.123266496,0.7241992
675362912,0.6633201,-0.14254098,0.12525167,0.7238788
675414915,0.66237324,-0.14518932,0.12824199,0.72369593
675466917,0.66175854,-0.1474866,0.13003322,0.7234741
675518911,0.6606931,-0.15077682,0.13324624,0.72318494
675570948,0.65974534,-0.15386459,0.13589272,0.72290736
675622915,0.6584445,-0.15798609,0.13953799,0.72250986
675674910,0.65755475,-0.15938017,0.14107564,0.7227153
675727842,0.6564472,-0.16266148,0.14362802,0.7224884
675779840,0.65562105,-0.16385064,0.14430821,0.7228342
675831823,0.65488565,-0.1648962,0.14498664,0.72312725
675883833,0.6541674,-0.16513883,0.14500518,0.72371805
675935715,0.653586,-0.16513291,0.1447639,0.72429276
675987746,0.6531049,-0.16465399,0.14424102,0.72493976
676039733,0.6526479,-0.16432773,0.14371915,0.7255288
676091719,0.65278167,-0.1635933,0.14258596,0.72579795
676143712,0.65301025,-0.16220318,0.14176847,0.72606444
676195718,0.6534942,-0.16146928,0.14079812,0.72598135
676247720,0.6543294,-0.16032551,0.13938326,0.7257556
676299718,0.6545311,-0.15954745,0.14097922,0.7254368
676351715,0.6555457,-0.15896897,0.14152336,0.7245411
676403715,0.65666306,-0.1579486,0.14174886,0.7237079
676455727,0.6576544,-0.15750967,0.1427121,0.7227134
676511733,0.65874475,-0.1576485,0.14389096,0.72145534
676563709,0.6600526,-0.15750451,0.14416301,0.72023606
676615710,0.6603786,-0.16118719,0.14880027,0.71817636
676668624,0.6602689,-0.16594125,0.15458082,0.7159702
676720637,0.6591191,-0.17519797,0.16402961,0.71271455
676772627,0.6577262,-0.18429945,0.17317426,0.7095355
676824621,0.6569954,-0.19060253,0.17899704,0.7070982
676876513,0.6561285,-0.1963472,0.18487118,0.70481616
676928561,0.65580875,-0.19985805,0.18812694,0.7032639
676980519,0.6558125,-0.20309839,0.19012393,0.7017934
677036511,0.65615845,-0.20427746,0.1905577,0.70100975
677088526,0.6563496,-0.20507362,0.19106784,0.70045924
677140518,0.6572617,-0.20529458,0.19015981,0.699786
677192533,0.6578919,-0.20518577,0.18944606,0.6994192
677244528,0.6589642,-0.20458725,0.1878555,0.69901407
677296517,0.66015106,-0.20383751,0.18624526,0.6985439
677348519,0.66165,-0.20156069,0.18366742,0.6984689
677400515,0.6633496,-0.19997215,0.18172027,0.6978225
677456515,0.66485167,-0.1989671,0.18036145,0.6970324
677508514,0.66623956,-0.19816266,0.17977211,0.696088
677560513,0.66809916,-0.19612102,0.17770204,0.6954151
677614131,0.6694466,-0.194893,0.17671454,0.6947158
677666120,0.67052376,-0.19415005,0.17638522,0.6939683
677718170,0.67127645,-0.19381118,0.1755313,0.69355166
677770119,0.67192906,-0.193162,0.17515609,0.6931956
677822128,0.67259634,-0.19462639,0.17496184,0.69218725
677874120,0.6726662,-0.19534943,0.17638484,0.69155425
677926134,0.6728257,-0.1970212,0.17804785,0.6904979
677978118,0.67263305,-0.19882843,0.17947613,0.68979746
678034129,0.6724129,-0.20052099,0.18196651,0.68886894
678086122,0.6726529,-0.20111655,0.18278581,0.6882439
678138130,0.67238253,-0.20242743,0.18530928,0.68744844
678190131,0.6722872,-0.2025206,0.18580295,0.687381
678242136,0.67203146,-0.20394771,0.18695821,0.68689567
678295024,0.6720202,-0.20339198,0.18637154,0.6872308
678347024,0.67177296,-0.20324057,0.18631582,0.6875325
678399026,0.67149496,-0.20322007,0.185707,0.68797463
678451039,0.6710337,-0.2039986,0.1856107,0.68822026
678503026,0.6708284,-0.2042108,0.18492411,0.6885422
678554916,0.67028797,-0.2043166,0.18450008,0.6891506
678606910,0.67016083,-0.20421793,0.18378496,0.6894945
678658911,0.6696039,-0.20446171,0.18437414,0.6898059
678710955,0.6691465,-0.20477319,0.18457441,0.6901038
678762921,0.66922075,-0.20387028,0.18392186,0.69047326
678814918,0.66858214,-0.20409139,0.1848945,0.6907667
678866914,0.668495,-0.20428738,0.18553267,0.6906221
678922913,0.6687096,-0.20253147,0.18473208,0.69114584
678974910,0.6682668,-0.20328929,0.18643004,0.6908957
679026917,0.6683569,-0.20279619,0.18629588,0.6909897
679078917,0.66802233,-0.20329484,0.18748535,0.6908449
679130915,0.6674083,-0.20420001,0.18901852,0.69075364
679182928,0.6671255,-0.20494698,0.19048879,0.69040155
679235833,0.66640633,-0.20621428,0.19212544,0.6902653
679287838,0.6658085,-0.20791423,0.19438013,0.6897008
679339839,0.6650647,-0.20972739,0.19602835,0.6894029
679391824,0.6648581,-0.21149917,0.19704112,0.6887719
679443847,0.6646976,-0.21253145,0.19808102,0.6883106
679495714,0.6644813,-0.21307123,0.19822146,0.6883121
679547716,0.6645058,-0.21424213,0.19805576,0.6879727
679599718,0.6639196,-0.21627305,0.20011191,0.68730783
679651715,0.66276574,-0.22055279,0.20333815,0.68611354
679703727,0.6615521,-0.22431943,0.20757851,0.68479264
679755713,0.65973943,-0.23028947,0.21224116,0.6831284
679807713,0.6580637,-0.2350999,0.2169104,0.6816379
679859720,0.6569133,-0.23904319,0.22031592,0.68028253
679911715,0.6557599,-0.24132541,0.2218895,0.680078
679963715,0.65558267,-0.24254851,0.22221917,0.6797061
680015715,0.6552346,-0.2434703,0.22287083,0.6794987
680067719,0.6548617,-0.24448845,0.22326225,0.6793641
680123717,0.65417135,-0.24574164,0.22420916,0.6792652
680172628,0.65363884,-0.2465024,0.22469206,0.67934257
680228627,0.65305454,-0.24759148,0.2254689,0.6792511
680280636,0.6526526,-0.2479582,0.22518106,0.679599
680332625,0.6517249,-0.24972375,0.22668879,0.67934155
680384512,0.6511983,-0.2505451,0.22733562,0.679328
680436515,0.6505388,-0.25201932,0.22870345,0.6789554
680488519,0.64999586,-0.25335294,0.22927181,0.67878735
680540515,0.6501089,-0.2539376,0.23023993,0.6781326
680592521,0.64907736,-0.25495553,0.23178835,0.6782112
680648519,0.6485483,-0.25615185,0.23396449,0.677519
680700511,0.64841354,-0.25489438,0.23389344,0.6781465
680752512,0.6474018,-0.2565711,0.23672257,0.67749876
680804512,0.6471458,-0.2553303,0.23628485,0.67836446
680856516,0.6465087,-0.25713646,0.23777172,0.6777699
680908512,0.645627,-0.25875232,0.24057275,0.6770065
680960517,0.64434236,-0.26120126,0.24318194,0.67635757
681012515,0.64376354,-0.26224005,0.24466996,0.6759699
681068517,0.64267784,-0.2629514,0.24617812,0.6761791
681117428,0.64184475,-0.26390123,0.2474914,0.67612094
681173426,0.640959,-0.2647723,0.24821804,0.67635417
681225425,0.64073324,-0.26494905,0.24898832,0.67621577
681277427,0.64037573,-0.26548135,0.24856438,0.67650163
681329318,0.6403253,-0.2656644,0.24864073,0.6764494
681381317,0.63993025,-0.2656493,0.24939957,0.6765498
681433315,0.64007616,-0.2662247,0.24841826,0.6765466
681485352,0.64038056,-0.26579723,0.24874856,0.6763053
681537337,0.6398451,-0.2677765,0.24979,0.67564714
681593313,0.6400079,-0.26898548,0.25106573,0.6745389
681645320,0.63916636,-0.27142292,0.25383928,0.67332137
681697328,0.6393402,-0.27277148,0.25597408,0.6718014
681749315,0.639319,-0.27424318,0.2582548,0.67034805
681801324,0.640074,-0.27493128,0.2590419,0.6690407
681853315,0.6404723,-0.2762717,0.26039112,0.667582
681905360,0.64105344,-0.27813086,0.2620247,0.66561013
681957312,0.6415462,-0.27956185,0.2631642,0.6640846
682013318,0.6416014,-0.28058106,0.26469937,0.6629904
682062929,0.6412999,-0.28220952,0.26587582,0.66211957
682114916,0.6409264,-0.28304562,0.2672405,0.6615747
682170915,0.63983625,-0.2848265,0.26844832,0.66137654
682222926,0.6385013,-0.28792402,0.26997602,0.6607033
682274912,0.6373433,-0.2898448,0.27048936,0.66077155
682326914,0.63655925,-0.2907355,0.2698453,0.6613991
682378910,0.6353623,-0.29174042,0.26996315,0.66205907
682430931,0.6337694,-0.29314113,0.27042514,0.6627782
682482914,0.63248974,-0.2937596,0.2696364,0.66404694
682534915,0.6315599,-0.29501113,0.2689541,0.66465354
682586911,0.630018,-0.29592597,0.26893234,0.6657182
682638914,0.62835634,-0.29703292,0.26939085,0.6666096
682690920,0.6278752,-0.29670966,0.26849306,0.6675685
682743831,0.6261529,-0.29776403,0.2694956,0.66831225
682795826,0.624347,-0.29931268,0.2710747,0.6686714
682847837,0.62297463,-0.30075425,0.2723644,0.6687803
682899844,0.62072325,-0.30349898,0.2739613,0.6689815
682951839,0.6186441,-0.3059273,0.27703714,0.6685346
683003711,0.6157038,-0.30951598,0.2795672,0.6685439
683055712,0.6139364,-0.31050062,0.2807323,0.66922414
683107713,0.61226326,-0.31117812,0.28192243,0.6699415
683159730,0.61053926,-0.31259924,0.28193533,0.67084724
683211743,0.6089379,-0.31425363,0.28353143,0.6708571
683263718,0.60654986,-0.31710178,0.2857296,0.67074764
683315727,0.6049946,-0.3183752,0.28753763,0.67077637
683371715,0.60375214,-0.31934702,0.2892592,0.6706937
683423732,0.6032154,-0.3205601,0.28996018,0.6702951
683475718,0.6032193,-0.32094666,0.29097235,0.6696678
683527715,0.60365367,-0.32092223,0.29025882,0.6695976
683579712,0.60483325,-0.31921297,0.28972584,0.66958106
683631716,0.6056891,-0.3182683,0.2893996,0.6693982
683684620,0.6063919,-0.3187166,0.2905161,0.6680637
683736628,0.607991,-0.31751823,0.29001635,0.6673978
683788630,0.60879844,-0.31732604,0.2905917,0.6665021
683840655,0.60969603,-0.3180681,0.29044837,0.6653896
683896517,0.61068803,-0.3188378,0.2916829,0.6635689
683948514,0.61078644,-0.3205391,0.29260245,0.66225266
684000519,0.61161697,-0.32167292,0.29318538,0.66067666
684052542,0.613399,-0.32117996,0.29231092,0.65965104
684104564,0.6135031,-0.3228523,0.29313785,0.65836966
684156517,0.61410505,-0.32311833,0.29362315,0.65746105
684208514,0.61424065,-0.3239592,0.29440615,0.65656984
684260513,0.61441016,-0.32469034,0.2941816,0.65615064
684316541,0.6135119,-0.3282563,0.29719177,0.6538562
684368511,0.61258,-0.33078343,0.29854333,0.65284
684420512,0.61180985,-0.33254042,0.29981023,0.6520885
684472512,0.6109576,-0.3335046,0.3006341,0.65201586
684524517,0.6105424,-0.3343324,0.30025783,0.6521542
684576516,0.60920435,-0.3348043,0.30132735,0.65266997
684629424,0.60780907,-0.33571443,0.30126134,0.6535332
684681425,0.6062854,-0.33750087,0.30284017,0.6532987
684733451,0.60488755,-0.33760557,0.30261183,0.65464467
684789449,0.6041122,-0.33814794,0.3020795,0.6553262
684841321,0.6029208,-0.33880582,0.30203497,0.65610373
684893356,0.6014774,-0.34044173,0.30396023,0.65569246
684945316,0.59944415,-0.34238642,0.3058075,0.6556829
684997326,0.5973034,-0.34557196,0.30828673,0.65480375
685049328,0.5961255,-0.34595653,0.30993998,0.65489364
685101315,0.5950853,-0.34751925,0.31083238,0.65458924
685153352,0.59549415,-0.34619647,0.3107266,0.6549685
685205316,0.59579515,-0.34513107,0.3098351,0.655679
685261325,0.59609526,-0.34503263,0.3101479,0.6553101
685313317,0.595841,-0.34550086,0.31058612,0.655087
685365311,0.5957731,-0.34602013,0.3117546,0.6543192
685417310,0.5951627,-0.34662488,0.3137152,0.65361714
685469319,0.59384453,-0.34809265,0.31509298,0.6533733
685521321,0.5940428,-0.3472494,0.31435773,0.65399563
685574913,0.5940928,-0.34648046,0.3132826,0.65487343
685626913,0.59463507,-0.34399474,0.3113345,0.65661836
685678915,0.59441584,-0.34421855,0.31100056,0.6568578
685730926,0.5937605,-0.34474522,0.31175697,0.6568157
685782916,0.59386843,-0.34384388,0.31169224,0.6572212
685838914,0.5944273,-0.3427494,0.31100303,0.65761405
685890919,0.59626603,-0.33918682,0.30839694,0.65902245
685942917,0.5968554,-0.33791378,0.308507,0.6590914
685994912,0.5982992,-0.33660057,0.30762962,0.65886426
686046917,0.59925336,-0.3367557,0.3084473,0.6575343
686098917,0.59931725,-0.33792034,0.31000385,0.65614504
686150947,0.5997918,-0.33970663,0.31242672,0.6536351
686202911,0.5992419,-0.34243205,0.31565395,0.65116215
686255837,0.59855556,-0.34624335,0.31956926,0.6478599
686311841,0.5984615,-0.34864378,0.32197472,0.6454639
686363825,0.5973451,-0.3515231,0.32535702,0.6432365
686415827,0.595958,-0.35444647,0.3283811,0.64137954
686467822,0.59436184,-0.35839835,0.33183554,0.63888174
686519726,0.5930531,-0.36111873,0.33351627,0.6376897
686571749,0.5911983,-0.3659025,0.336703,0.6350048
686623718,0.5903208,-0.3677794,0.33761364,0.6342529
686675728,0.5884271,-0.371847,0.34074125,0.6319642
686727825,0.58750445,-0.37368166,0.3419948,0.6310628
686779714,0.5872725,-0.3748636,0.34186226,0.6306493
686831717,0.58673424,-0.3755467,0.34166867,0.6308489
686883767,0.58487946,-0.3778673,0.34302413,0.63044965
686935720,0.5834604,-0.37923098,0.34360647,0.6306287
686987714,0.5830309,-0.3792729,0.34262496,0.6315341
687039736,0.5821773,-0.3796613,0.34236762,0.63222724
687095715,0.58191913,-0.38051054,0.34181243,0.63225484
687147709,0.5811688,-0.38172534,0.34229833,0.63194984
687197348,0.5810428,-0.38197047,0.341979,0.6320904
687249329,0.580128,-0.3831805,0.34352213,0.631361
687305349,0.5805041,-0.3821922,0.34330046,0.6317349
687357327,0.5813978,-0.3812269,0.34235793,0.6320077
687409319,0.5812473,-0.38155094,0.34373194,0.63120425
687461325,0.5809208,-0.3835561,0.3463347,0.6288626
687513318,0.58139837,-0.38466346,0.34755054,0.62707144
687565319,0.5820435,-0.38499713,0.34928972,0.6252994
687617349,0.5829011,-0.3847953,0.3502685,0.62407607
687669319,0.58326274,-0.38612312,0.3529015,0.621429
687725310,0.58378774,-0.3869837,0.3554301,0.61895484
687777312,0.5826159,-0.38931653,0.36037135,0.61573046
687829316,0.5823101,-0.39200526,0.36355227,0.6124351
687882234,0.5857996,-0.3869863,0.3610821,0.61375916
687934912,0.58675593,-0.38716474,0.36212918,0.6121139
687986915,0.58750737,-0.38712057,0.3634373,0.61064404
688038942,0.58729935,-0.3873303,0.36571446,0.6093503
688090912,0.58582145,-0.39023283,0.36946598,0.6066519
688142918,0.5863709,-0.38905,0.36947182,0.60687727
688194932,0.58545,-0.39051038,0.3709985,0.6058962
688246914,0.5831406,-0.3934897,0.3743936,0.6041046
688302964,0.58148175,-0.39595494,0.37625846,0.602933
688354912,0.583478,-0.39268965,0.37296686,0.60518116
688406911,0.58295083,-0.39259714,0.37326413,0.6055658
688458916,0.582169,-0.3935746,0.37393287,0.6052706
688510910,0.5817491,-0.3931783,0.3742014,0.6057659
688562916,0.5800476,-0.39383817,0.37559304,0.6061074
688615823,0.5809672,-0.39216045,0.37363225,0.6075248
688667828,0.57948357,-0.39404327,0.37507617,0.6068334
688719843,0.5758143,-0.3993594,0.3796288,0.60401314
688771829,0.57661533,-0.39789286,0.37712196,0.60578483
688823714,0.57714736,-0.39694667,0.37528044,0.6070412
688875716,0.57688534,-0.39661238,0.37460417,0.6079257
688927748,0.5767485,-0.3962505,0.37328428,0.60910225
688979719,0.57539946,-0.398295,0.37471375,0.60816634
689031717,0.57412285,-0.39832363,0.37418193,0.6096796
689083727,0.5734538,-0.4003515,0.37355167,0.6093675
689135730,0.5708748,-0.40385693,0.37524045,0.60843754
689187712,0.56901544,-0.40447474,0.3758042,0.60942006
689239712,0.566339,-0.40806457,0.37799105,0.60816634
689291711,0.5644751,-0.40852347,0.37892437,0.6090096
689343715,0.5621848,-0.4129756,0.38095978,0.6068519
689395713,0.5607814,-0.4148645,0.38194162,0.6062444
689447727,0.55819905,-0.41778693,0.38458112,0.6049508
689499714,0.5575597,-0.41895384,0.3839512,0.6051334
689552623,0.5574563,-0.41984782,0.38353938,0.6048702
689604618,0.5577458,-0.41938305,0.3823441,0.60568184
689656630,0.5551731,-0.42327154,0.3853082,0.60345805
689708618,0.5588562,-0.41755491,0.37962607,0.6076279
689760513,0.55976164,-0.41634113,0.37770143,0.6088257
689812518,0.5583903,-0.4186729,0.37908024,0.6076277
689864520,0.5576499,-0.4208826,0.3794841,0.6065281
689916517,0.5564688,-0.42117047,0.3803993,0.6068396
689972534,0.56095976,-0.4162619,0.37341973,0.6104162
690024515,0.56265765,-0.41463226,0.37119517,0.61131877
690076526,0.5614526,-0.4161641,0.3725963,0.6105329
690128544,0.56108546,-0.41814134,0.37285778,0.6093588
690180533,0.5592239,-0.42196688,0.3760464,0.60646665
690232512,0.5581305,-0.42318833,0.3773962,0.60578394
690284516,0.55876255,-0.42412576,0.3767773,0.6049304
690336508,0.5603327,-0.42280307,0.37567222,0.60509115
690392573,0.55969566,-0.42287415,0.37703404,0.60478395
690444517,0.5583622,-0.42663953,0.38034967,0.6012858
690497419,0.55654466,-0.4299297,0.38498035,0.5976695
690549421,0.55412644,-0.43318212,0.38950843,0.5946263
690601433,0.55086434,-0.4378546,0.39503226,0.59057724
690653425,0.54983735,-0.4386853,0.39793244,0.5889685
690705426,0.553938,-0.43270996,0.39317656,0.5927286
690757313,0.55263376,-0.43502024,0.39564273,0.59060997
690809355,0.5519175,-0.43492958,0.39644083,0.59081143
690861330,0.5515959,-0.43487784,0.39729363,0.5905769
690917349,0.5493792,-0.4377926,0.40040582,0.58838373
690969310,0.5464548,-0.44121596,0.40391442,0.5861474
691021323,0.5452297,-0.4413613,0.40541825,0.58614075
691073315,0.5421653,-0.44468528,0.40969846,0.58348864
691125319,0.54779786,-0.4363258,0.40198097,0.58987176
691177315,0.5493777,-0.43462387,0.40057382,0.59061587
691229374,0.5477538,-0.43460494,0.4030024,0.5904858
691281314,0.5463036,-0.43691975,0.4051965,0.5886166
691337313,0.5457548,-0.43514463,0.40580007,0.59002316
691389320,0.54426086,-0.4383053,0.4071193,0.5881517
691438914,0.54190475,-0.43981847,0.41006756,0.58714885
691490919,0.5387274,-0.4428625,0.41333306,0.58549255
691542919,0.53751796,-0.44360796,0.4136201,0.585837
691594914,0.5355565,-0.44514155,0.41585615,0.5848863
691646926,0.5346958,-0.44539902,0.41636422,0.5851162
691698917,0.53680027,-0.44205895,0.4133423,0.58785844
691750916,0.5369471,-0.4415864,0.41229677,0.58881295
691802919,0.537285,-0.440881,0.4107635,0.59010357
691858915,0.53604066,-0.4420836,0.41171443,0.5896727
691910940,0.5366381,-0.44126284,0.41025344,0.5907613
691962914,0.53533936,-0.4427845,0.41135478,0.5900348
692014911,0.53892386,-0.43786895,0.4060196,0.5941212
692066914,0.53816473,-0.439426,0.40693042,0.5930355
692120619,0.532651,-0.44691288,0.41417953,0.587373
692172513,0.5326091,-0.44666538,0.41392237,0.5877805
692224520,0.5338459,-0.4460839,0.4124104,0.5881627
692276529,0.5304094,-0.45072758,0.4172118,0.58433294
692328529,0.524915,-0.45769137,0.4242977,0.57875246
692380519,0.523145,-0.4603144,0.42673087,0.57648146
692436508,0.52793765,-0.45502856,0.42138302,0.5802304
692488508,0.52969223,-0.45316488,0.42006356,0.581046
692540516,0.5246957,-0.46009994,0.427205,0.57488996
692592567,0.5202731,-0.4654924,0.43335676,0.5699428
692644516,0.5184163,-0.4681446,0.43643737,0.5671047
692696515,0.5237337,-0.46175516,0.4307327,0.5717996
692748515,0.5352064,-0.44842568,0.41809198,0.58109176
692800519,0.5370928,-0.44640774,0.4174997,0.5813309
692853456,0.5330872,-0.45136446,0.42301297,0.57719004
692905429,0.531362,-0.4535113,0.4261089,0.57481587
692961431,0.52582735,-0.45984277,0.43254292,0.57004994
693013420,0.5275559,-0.45665866,0.4299891,0.57293713
693065319,0.5364024,-0.4445145,0.41885185,0.5824453
693117319,0.5364803,-0.44350573,0.41831595,0.5835266
693169319,0.54394203,-0.43284327,0.4086239,0.59143925
693221319,0.54877466,-0.42627215,0.40195894,0.5962949
693273361,0.5503612,-0.42499924,0.39998922,0.5970652
693325319,0.55239314,-0.42262182,0.3968651,0.598958
693377329,0.55164593,-0.4237231,0.39767376,0.598332
693429308,0.5508711,-0.42345873,0.39818758,0.59889114
693481327,0.5491022,-0.42873678,0.40065205,0.59510475
693533313,0.5488534,-0.427729,0.40038136,0.5962404
693585314,0.5458826,-0.43220752,0.40326706,0.5937884
693637347,0.54127216,-0.4380376,0.40859342,0.59008396
693689317,0.5395497,-0.44003224,0.40964377,0.5894488
693745333,0.5360872,-0.4454024,0.4135309,0.58584946
693794926,0.5334574,-0.44799334,0.41591266,0.584587
693846916,0.5296212,-0.45254973,0.42007536,0.5815814
693902910,0.5264572,-0.45532307,0.42390588,0.57950634
693954916,0.5266226,-0.45504713,0.4226711,0.58047396
694006908,0.52457196,-0.45881158,0.425239,0.57748425
694058914,0.5194181,-0.46448553,0.4311067,0.57324094
694110916,0.5145791,-0.47111762,0.43691242,0.56777126
694162915,0.5161037,-0.46832252,0.4357768,0.5695697
694214917,0.52171665,-0.4626447,0.43018845,0.573332
694266909,0.52072394,-0.46560356,0.43303752,0.56968284
694322914,0.51604754,-0.47252455,0.44140938,0.56175923
694374944,0.52027875,-0.4703228,0.43969363,0.56104904
694426910,0.52575636,-0.46583602,0.43677816,0.56196266
694479836,0.5290711,-0.46516177,0.43621027,0.55984724
694531840,0.5256918,-0.4704906,0.44211873,0.55391145
694583834,0.52278876,-0.4746313,0.4474897,0.54878974
694635829,0.52677935,-0.47211346,0.44564673,0.54864514
694687831,0.52496815,-0.47537512,0.44992682,0.54405224
694739735,0.5269267,-0.4747252,0.44996652,0.5426918
694795727,0.5263855,-0.47694638,0.453017,0.53871715
694847726,0.5284709,-0.47490084,0.45206797,0.5392794
694899711,0.52954096,-0.47338268,0.4517839,0.5398024
694951740,0.52942324,-0.4729889,0.45258167,0.53959477
695003710,0.52909994,-0.47189358,0.45283,0.5406615
695055719,0.5297909,-0.4706495,0.45206603,0.54170746
695107714,0.52848476,-0.47116324,0.45301673,0.5417427
695159716,0.5304446,-0.4675206,0.45004183,0.5454497
695211715,0.53328663,-0.46326953,0.44595438,0.54964674
695263712,0.53507197,-0.45939338,0.44319692,0.5533825
695315717,0.5371173,-0.4563909,0.44066072,0.5559051
695367711,0.53748834,-0.45471555,0.44003,0.5574171
695420632,0.5374236,-0.4545753,0.4395957,0.5579363
695472631,0.5360265,-0.4563535,0.4409009,0.5567975
695524633,0.53907496,-0.45315388,0.43634328,0.5600485
695576629,0.5433469,-0.44903916,0.42981064,0.5642702
695628624,0.54622155,-0.44474325,0.42417157,0.56914324
695684527,0.5464267,-0.44312572,0.42190182,0.5718885
695736513,0.54168624,-0.44786158,0.42708093,0.5688568
695788512,0.5369115,-0.45294195,0.43272978,0.56507945
695840528,0.5379377,-0.45155498,0.43027756,0.5670824
695892536,0.54173815,-0.44781134,0.42520857,0.5702478
695944518,0.5429784,-0.44530797,0.42324418,0.5724855
695996519,0.5379173,-0.45170972,0.42957836,0.56750846
696048521,0.5276037,-0.46279353,0.44174138,0.5588569
696104511,0.52162427,-0.46863064,0.4486841,0.5540542
696156530,0.52341706,-0.46571356,0.44611138,0.5568934
696208518,0.52273893,-0.4662849,0.44692612,0.55639863
696260517,0.51957417,-0.46879676,0.450002,0.5547707
696312519,0.5184801,-0.46931696,0.4499471,0.5553987
696365431,0.51617974,-0.46935114,0.4515108,0.55624276
696417431,0.51509976,-0.46966922,0.45123047,0.55720216
696469433,0.5128667,-0.47045657,0.45335636,0.55687195
696521460,0.5159233,-0.46565127,0.4491843,0.5614495
696573429,0.5204335,-0.45986113,0.44362575,0.56645644
696625311,0.5194112,-0.4597727,0.4445666,0.566729
696677313,0.5187756,-0.46027747,0.44531247,0.5663156
696729314,0.51577187,-0.4643645,0.4489549,0.5628361
696781325,0.51694334,-0.46346766,0.4478572,0.563375
696833330,0.5183678,-0.4622424,0.44669864,0.56399226
696885353,0.5250228,-0.45511442,0.4389247,0.56970793
696937314,0.52788717,-0.45224038,0.43465188,0.5726182
696993330,0.5300841,-0.45029932,0.4321762,0.57399046
697045328,0.53441805,-0.4456063,0.4277283,0.57695836
697097336,0.5340021,-0.44671974,0.42934328,0.57528055
697149319,0.529843,-0.45314032,0.43619975,0.5689114
697201313,0.5262399,-0.45869246,0.4421141,0.5632122
697253311,0.5243373,-0.46118033,0.4451111,0.56058824
697306919,0.52142346,-0.46434546,0.4488959,0.55766785
697358932,0.5235143,-0.46279454,0.44733062,0.5582556
697410926,0.52685505,-0.45939776,0.44451895,0.560161
697462929,0.5273413,-0.46095583,0.4451163,0.55794483
697514913,0.521564,-0.4681035,0.4518372,0.5519904
697570910,0.521005,-0.46843225,0.45236197,0.55180943
697622919,0.52352226,-0.46542343,0.44932958,0.5544444
697674917,0.5252285,-0.46325785,0.44708467,0.55645543
697726914,0.52344954,-0.46436462,0.44868687,0.5559193
697778912,0.52169627,-0.46569258,0.45104578,0.55454594
697830919,0.52243334,-0.46597886,0.45045415,0.5540923
697882917,0.5232989,-0.46532732,0.44982484,0.5543343
697934945,0.5234131,-0.46624017,0.45037127,0.553014
697986912,0.52444863,-0.46594873,0.4497129,0.5528144
698039842,0.52443063,-0.4669143,0.44986188,0.5518948
698091824,0.5224969,-0.46974942,0.4520223,0.5495529
698143830,0.5188434,-0.4729177,0.45495662,0.54787314
698195838,0.5197049,-0.4718431,0.45324376,0.5494006
698247727,0.5232254,-0.46829686,0.4496909,0.5520066
698299727,0.52557814,-0.46707797,0.44645914,0.5534257
698351737,0.524265,-0.47033563,0.4478009,0.5508221
698403711,0.5218738,-0.47349724,0.450384,0.5482723
698455712,0.5259897,-0.46937728,0.44480404,0.55242133
698507708,0.53090537,-0.46435457,0.4388719,0.5566919
698559712,0.5320678,-0.46249482,0.43714806,0.5584838
698611714,0.5285016,-0.46788287,0.44079417,0.55450183
698663733,0.5237701,-0.47300044,0.44555506,0.55083233
698715730,0.5274844,-0.46933427,0.44052628,0.5544566
698771726,0.5266055,-0.47142714,0.44036317,0.55364555
698823710,0.5219538,-0.47578287,0.44452214,0.55099463
698875727,0.51734376,-0.48120302,0.44877118,0.5471778
698927733,0.51580733,-0.4810921,0.44990683,0.547793
698980625,0.51912934,-0.47600153,0.4457795,0.55245626
699032660,0.5205282,-0.4739473,0.44551775,0.55311686
699084625,0.51556975,-0.47884962,0.4516029,0.5485853
699136641,0.51263577,-0.4813039,0.455033,0.5463481
699188518,0.51880646,-0.47333074,0.4483674,0.5529599
699240538,0.52458,-0.46545002,0.44178927,0.5594591
699296515,0.5278909,-0.4608926,0.4389866,0.5623166
699348516,0.5301443,-0.45742905,0.43701842,0.56455344
699400515,0.53417677,-0.45377326,0.4330001,0.5667946
699452514,0.53873855,-0.44900417,0.42854208,0.5696558
699504518,0.5441009,-0.4430108,0.42201236,0.57410926
699556527,0.54489875,-0.4412013,0.42114773,0.5753794
699608518,0.54271436,-0.44314256,0.42312932,0.57449764
699660627,0.5410565,-0.44551206,0.4242825,0.57337713
699716513,0.5402264,-0.44581273,0.42325583,0.5746834
699768512,0.54169995,-0.44441557,0.4198261,0.57689005
699820513,0.54263544,-0.441871,0.41665676,0.5802533
699872529,0.53972816,-0.4461552,0.41813537,0.5786207
699926134,0.54036874,-0.44488457,0.4144629,0.58163553
699978129,0.5370106,-0.44784728,0.41552168,0.5817167
700030137,0.53583544,-0.44826266,0.4143098,0.5833425
700082127,0.53326136,-0.45046142,0.41466856,0.58375245
700134120,0.52704394,-0.456985,0.41918412,0.5810974
700186135,0.5252753,-0.459154,0.41871867,0.58132446
700238117,0.52804816,-0.4549974,0.41318998,0.5860176
700290117,0.52975434,-0.45336753,0.40984535,0.58808595
700342123,0.53431,-0.44521642,0.40216106,0.5954509
700394133,0.5404863,-0.43777308,0.39355448,0.60111904
700446141,0.5450997,-0.4303503,0.3875645,0.6061838
700498127,0.5554566,-0.4150976,0.37365445,0.6160717
700550138,0.56494856,-0.40185335,0.3605241,0.62399477
700603027,0.5715015,-0.3940057,0.35285664,0.6274057
700655025,0.57907194,-0.38279638,0.34272423,0.6329952
700707027,0.58723474,-0.37130934,0.33158413,0.6382294
700763023,0.5900289,-0.36928946,0.32939088,0.63795996
700815019,0.59499645,-0.36126933,0.32285815,0.6412694
700866918,0.5978948,-0.35776666,0.3192276,0.64235395
700918931,0.60278654,-0.34895733,0.31169873,0.6463135
700970913,0.6041359,-0.34615374,0.3096628,0.6475388
701022928,0.6071965,-0.33938482,0.30375236,0.6510491
701074916,0.6077328,-0.33924177,0.3034221,0.6507773
701126917,0.6067641,-0.34064263,0.30555746,0.64994967
701182915,0.6059843,-0.3425502,0.30796146,0.64853853
701234916,0.6044291,-0.3459425,0.3120318,0.64623946
701286911,0.6022852,-0.3493585,0.31716752,0.6438991
701338920,0.60027874,-0.35297117,0.3223284,0.6412342
701390916,0.5997496,-0.35337743,0.32521987,0.6400445
701442932,0.5996383,-0.35293797,0.3264391,0.6397705
701494931,0.6021816,-0.347147,0.3226937,0.6424446
701547832,0.6053102,-0.34008557,0.3172378,0.6459888
701599843,0.6107491,-0.3273533,0.30667323,0.6525159
701651828,0.6149522,-0.31746605,0.2982022,0.6573618
701703828,0.6207365,-0.30355453,0.28658092,0.6636357
701755831,0.62611806,-0.2904239,0.27430713,0.6696161
701807717,0.63353777,-0.2719741,0.25713468,0.6771571
701859719,0.6373878,-0.2606043,0.24771655,0.6815121
701911719,0.63996714,-0.2531621,0.24014425,0.68460345
701963730,0.64174694,-0.2486952,0.23717687,0.68560827
702019727,0.6414937,-0.2483032,0.23548928,0.6865685
702071742,0.6422342,-0.24797238,0.2374088,0.6853336
702123717,0.6409855,-0.251279,0.2384836,0.68492496
702175720,0.6389522,-0.25526407,0.2434515,0.6836021
702227711,0.63717866,-0.25818878,0.24591538,0.68327713
702279712,0.6366146,-0.2588301,0.2466979,0.68327814
702331712,0.63618505,-0.25801915,0.2465483,0.6840385
702383720,0.63860404,-0.25066686,0.2385804,0.68733585
702439754,0.64042026,-0.24514078,0.2330286,0.68954015
702488629,0.6421375,-0.23917381,0.22662625,0.6921676
702541356,0.64266616,-0.23576528,0.22259204,0.6941526
702593331,0.6439863,-0.23134798,0.21736826,0.69606817
702649330,0.6447686,-0.22736159,0.21176147,0.6983819
702701327,0.6473769,-0.21781142,0.20161627,0.7020059
702753342,0.649178,-0.2102476,0.1929497,0.7050775
702805319,0.6525517,-0.19673204,0.17861398,0.70962656
702857315,0.6541186,-0.18978646,0.170323,0.7121096
702909314,0.6545478,-0.18538098,0.16470523,0.7141942
702961352,0.6543819,-0.18467557,0.1621397,0.7151154
703013317,0.6537904,-0.18499525,0.16074853,0.7158874
703069319,0.65268475,-0.18706445,0.16084896,0.7163359
703121317,0.6510171,-0.19100201,0.16299827,0.7163285
703173311,0.64941335,-0.19473642,0.16502397,0.716315
703226916,0.6479044,-0.19802423,0.16678488,0.71637225
703278962,0.64643097,-0.20065196,0.16842042,0.71658945
703330927,0.644944,-0.20365886,0.17058252,0.7165696
703382929,0.64390665,-0.20541455,0.17167713,0.71673995
703434916,0.6429714,-0.20742208,0.17340206,0.7165861
703486918,0.64280903,-0.20772703,0.17412858,0.7164673
703538915,0.642729,-0.20862356,0.17552216,0.7159383
703590911,0.6431169,-0.20828436,0.17630364,0.71549666
703646929,0.64315397,-0.20959301,0.17900544,0.7144095
703698916,0.64397603,-0.20870975,0.17951065,0.71380043
703750912,0.64472187,-0.20855036,0.18026309,0.71298367
703802911,0.6453682,-0.2079595,0.1801497,0.7126001
703854911,0.6457221,-0.20726766,0.17928906,0.71269816
703907823,0.6457545,-0.2072086,0.17833206,0.7129259
703959827,0.6456045,-0.20617491,0.17685479,0.71372914
704011829,0.64526135,-0.205942,0.17600964,0.7143153
704063827,0.64545584,-0.20493889,0.17446609,0.7148066
704115836,0.64693063,-0.19947344,0.16875115,0.7163898
704167713,0.6495929,-0.1903752,0.15980656,0.71850425
704219726,0.6522082,-0.18270668,0.15190232,0.7198392
704271754,0.65625036,-0.16716659,0.1371828,0.7228912
704323715,0.6588756,-0.15652959,0.12696028,0.7247501
704375719,0.66145295,-0.14391293,0.115112096,0.7269926
704427717,0.6627403,-0.13716847,0.10876925,0.7280999
704483720,0.66365176,-0.13105549,0.10326031,0.7291969
704535716,0.6637208,-0.13031612,0.10174065,0.72948015
704587711,0.6635381,-0.13076425,0.101161234,0.72964674
704639720,0.66288525,-0.13232842,0.101504944,0.72991043
704691728,0.66182685,-0.1345901,0.10293548,0.7302569
704743713,0.66099596,-0.13754612,0.1048914,0.73018026
704795715,0.6603112,-0.14022735,0.10729447,0.72994065
704847728,0.65989655,-0.14186528,0.10823205,0.7298607
704901322,0.6601392,-0.14108445,0.107448444,0.72990847
704953329,0.6606997,-0.13858749,0.10550717,0.73016274
705005354,0.6617432,-0.13482252,0.10237307,0.73036885
705057314,0.66323644,-0.12992384,0.09846651,0.7304393
705113320,0.6647,-0.12532124,0.09497648,0.73037535
705165314,0.6661396,-0.11963413,0.09084176,0.7305433
705217313,0.6675897,-0.11505977,0.08736002,0.730379
705269312,0.66948384,-0.10721455,0.080248944,0.7306549
705321313,0.6711875,-0.10064073,0.07453136,0.73063254
705373316,0.67306054,-0.09211042,0.0665069,0.7308092
705425347,0.6744262,-0.08790018,0.06285666,0.7303917
705477319,0.6755159,-0.084328696,0.05956178,0.73008174
705533312,0.676519,-0.082790844,0.05859352,0.7294071
705586235,0.67738354,-0.082373805,0.05803712,0.728696
705634912,0.67785484,-0.08331453,0.0591748,0.72805905
705690916,0.6785323,-0.084170505,0.060115084,0.72725207
705742928,0.6789807,-0.08602698,0.061447624,0.72650456
705794916,0.67931193,-0.087934755,0.063025974,0.725831
705846928,0.6794409,-0.08999852,0.06516665,0.725268
705898912,0.6795834,-0.09173134,0.06645668,0.7248002
705950918,0.679564,-0.09388732,0.06845433,0.7243563
706002913,0.679738,-0.093623444,0.06765573,0.7243022
706054927,0.6800598,-0.09152234,0.065991856,0.7244222
706106913,0.68031406,-0.08927955,0.06395278,0.7246461
706158918,0.6807688,-0.0835586,0.058418646,0.72536826
706210915,0.6808616,-0.07968964,0.055569492,0.7259402
706262914,0.6810516,-0.074385665,0.049917463,0.72673506
706315825,0.6809478,-0.06987357,0.04614672,0.727529
706367824,0.68086123,-0.063124694,0.039959174,0.7285922
706419834,0.6806046,-0.05767395,0.034694966,0.72955287
706471857,0.68028694,-0.050939783,0.028130202,0.73063236
706523719,0.67990124,-0.04350574,0.021094583,0.731708
706575716,0.67925954,-0.040447064,0.017885057,0.73256445
706627716,0.67870677,-0.035476547,0.013592112,0.7334261
706679736,0.6780901,-0.03472148,0.01277199,0.7340472
706731717,0.6775603,-0.033827014,0.011539662,0.7345983
706783730,0.67704934,-0.034663357,0.012602551,0.7350128
706835716,0.6764779,-0.03550787,0.013953606,0.7354741
706891719,0.6759435,-0.03705638,0.015530241,0.7358574
706943715,0.67550355,-0.038608763,0.017582553,0.73613536
706995710,0.675193,-0.04050236,0.019501345,0.7362701
707047715,0.6749384,-0.041460603,0.020526547,0.73642236
707099717,0.6749665,-0.0407202,0.020512147,0.73643833
707151720,0.6753022,-0.035925943,0.016676448,0.73647684
707203712,0.67568225,-0.030561585,0.012663974,0.73645043
707256638,0.67600524,-0.024280636,0.007928671,0.7364541
707308624,0.67641604,-0.015595083,-0.000107613,0.73635465
707360623,0.676676,-0.008211792,-0.006657745,0.7362051
707412624,0.67695856,0.001552387,-0.0145187,0.7358763
707464625,0.67716753,0.005945573,-0.017956197,0.73558575
707516512,0.67727304,0.012699777,-0.02433166,0.7352197
707568515,0.6773242,0.014399202,-0.024778847,0.7351263
707620574,0.6772624,0.016881641,-0.026873814,0.7350568
707672533,0.67715836,0.015913002,-0.025613902,0.73521924
707724512,0.6768269,0.015012891,-0.024822881,0.7355704
707780511,0.67650086,0.012902985,-0.02272206,0.7359782
707832550,0.67624336,0.011587597,-0.021214204,0.7362817
707884509,0.67590016,0.009957216,-0.019604217,0.7366652
707936512,0.67543334,0.008889394,-0.018970005,0.7371234
707988514,0.6751964,0.008616617,-0.01868155,0.7373511
708040519,0.6749008,0.00791035,-0.018387832,0.7376369
708092534,0.67471206,0.008255593,-0.018318899,0.7378076
708144516,0.67451555,0.007858547,-0.018206043,0.7379944
708197449,0.67421746,0.007858085,-0.018705294,0.73825425
708249431,0.6739665,0.007025998,-0.018693872,0.738492
708305428,0.67385995,0.006710447,-0.0195617,0.73856974
708357444,0.6739589,0.005611199,-0.019350875,0.7384941
708409428,0.6741308,0.005706294,-0.019276425,0.7383384
708461322,0.6741991,0.004895284,-0.01878667,0.7382945
708513320,0.67438114,0.004699929,-0.018531715,0.7381359
708565319,0.6745629,0.004839764,-0.018018879,0.7379816
708617355,0.67463356,0.004308935,-0.017937023,0.73792225
708669423,0.6745829,0.003473654,-0.01721601,0.73799014
708725308,0.6745956,0.003791125,-0.017519351,0.7379698
708777338,0.67455393,0.003101535,-0.016615592,0.7380321
708829319,0.67442524,0.003140835,-0.016180169,0.73815924
708881313,0.67437804,0.003208792,-0.016002787,0.73820597
708933314,0.6744214,0.003063791,-0.015325441,0.73818123
708985313,0.67449707,0.002314887,-0.015532212,0.73811054
709037355,0.6745185,0.002043156,-0.015347764,0.7380956
709093368,0.6743947,0.001891225,-0.015791219,0.7381998
709142233,0.6743517,0.000967877,-0.015525413,0.7382465
709194944,0.67427254,0.001129437,-0.015929407,0.73831
709246919,0.674113,0.001325578,-0.016343841,0.73844624
709302916,0.6738165,0.000900385,-0.016174287,0.73872125
709354928,0.67355216,0.001648417,-0.015656902,0.73897207
709406913,0.67333096,0.001453521,-0.015706005,0.73917294
709458914,0.6730834,0.001242949,-0.015893828,0.7393948
709510942,0.67292935,0.001365491,-0.015998803,0.73953253
709562926,0.6726182,0.002027841,-0.016760396,0.7397971
709614915,0.6722374,0.00248753,-0.016561763,0.7401463
709666911,0.6717473,0.002829339,-0.016786184,0.74058473
709722913,0.67122555,0.002844549,-0.015165143,0.74109256
709774913,0.6706176,0.003905174,-0.01446828,0.7416519
709826910,0.6699638,0.004286841,-0.014179077,0.742246
709879833,0.6693822,0.004912889,-0.013841046,0.74277306
709931833,0.6689202,0.005186198,-0.013615868,0.7431914
709983824,0.66847587,0.006258153,-0.013121473,0.7435918
710035823,0.66830575,0.005750096,-0.0126443,0.74375707
710087717,0.668321,0.006697161,-0.012801898,0.74373275
710139734,0.6685954,0.007266686,-0.012287407,0.7434894
710195733,0.66914624,0.007716122,-0.012092281,0.7429924
710247731,0.6700675,0.007332827,-0.012386978,0.7421606
710299727,0.67144936,0.007506908,-0.012761935,0.74090254
710351716,0.6729432,0.008275202,-0.01393465,0.73951674
710403712,0.6746149,0.008035725,-0.015408236,0.7379653
710455726,0.67640644,0.007990173,-0.016378459,0.7363032
710507713,0.67830616,0.007962829,-0.017788906,0.7345209
710559731,0.67995596,0.007774523,-0.018585514,0.73297626
710611712,0.68162286,0.007622055,-0.01917551,0.73141277
710663712,0.6832246,0.007825896,-0.020836469,0.729869
710715709,0.6846736,0.007674646,-0.020529777,0.7285202
710767729,0.6859211,0.008264274,-0.021817002,0.72730196
710820625,0.68697906,0.00691294,-0.021771045,0.7263182
710872650,0.6879719,0.006838678,-0.022546705,0.7253548
710924623,0.68881863,0.005955456,-0.023158334,0.72453934
710976622,0.68955725,0.005205914,-0.022961844,0.7238484
711028618,0.69031906,0.005058992,-0.023039497,0.7231205
711084512,0.69107246,0.00524503,-0.023226595,0.7223932
711136512,0.6918487,0.005303915,-0.022108292,0.7216845
711188512,0.6926291,0.005255589,-0.021926224,0.7209415
711240535,0.69347614,0.004886995,-0.021478295,0.72014284
711292512,0.69433236,0.004401857,-0.019801073,0.7193686
711344513,0.69495124,0.005529141,-0.019988641,0.71875775
711396512,0.6955675,0.005415224,-0.019877637,0.7181654
711448537,0.6962584,0.004884955,-0.019799594,0.71750146
711504532,0.69686073,0.006278592,-0.019344773,0.71691805
711556519,0.69688827,0.005928729,-0.01927069,0.7168963
711608512,0.69685155,0.005955836,-0.019973492,0.71691257
711660518,0.6968218,0.005187248,-0.018427238,0.71698886
711712520,0.6967505,0.004211946,-0.01799871,0.7170754
711766132,0.6965144,0.003947889,-0.017647821,0.71731496
711818116,0.69612145,0.00478107,-0.016953848,0.71770793
711870145,0.6956847,0.005085053,-0.016608965,0.7181373
711922128,0.6952762,0.006510514,-0.014846518,0.71855986
711974134,0.6947396,0.008208448,-0.015255833,0.7190528
712026112,0.6943677,0.008035021,-0.014301264,0.7194335
712082124,0.694151,0.008997177,-0.014700217,0.71962315
712134120,0.69380325,0.007067888,-0.011933521,0.7200311
712186114,0.6934302,0.00804536,-0.011648904,0.7203848
712238147,0.69305634,0.006633055,-0.010381497,0.72077817
712290126,0.69274986,0.006177895,-0.009622852,0.72108734
712342123,0.69240594,0.005387904,-0.010651972,0.7214094
712394148,0.6919429,0.007208005,-0.011055507,0.72183174
712446130,0.69136155,0.006357624,-0.011325072,0.72239226
712499027,0.69039875,0.006002243,-0.011293937,0.7233161
712551052,0.689425,0.006026272,-0.011689197,0.7242377
712603018,0.68849504,0.005764364,-0.010446657,0.7251429
712655036,0.68740416,0.004458211,-0.011699924,0.72616726
712707029,0.6864993,0.004142818,-0.010025178,0.72704965
712758915,0.68569857,0.002560544,-0.010519118,0.72780514
712810926,0.6850831,0.001211218,-0.013934949,0.7283307
712862920,0.68435055,-9.19E-06,-0.011741151,0.7290586
712914953,0.68348116,0.001965043,-0.012310799,0.7298618
712970915,0.68254524,-0.000464608,-0.012045812,0.730744
713022918,0.6821063,0.000526816,-0.007901208,0.73121023
713074914,0.68162227,0.000559229,-0.011095449,0.7316199
713126911,0.68131876,0.001445177,-0.011145105,0.7319007
713178916,0.68073857,0.001661662,-0.011783298,0.73242986
713230912,0.6804308,3.31E-05,-0.011714667,0.73271877
713282916,0.68028665,0.000234549,-0.011645423,0.7328536
713334914,0.6801341,-0.00159869,-0.01190166,0.7329894
713386910,0.67988205,-0.001273279,-0.010840145,0.73324037
713439844,0.67977893,-0.003326269,-0.010299289,0.7333373
713491835,0.67928714,-0.003078484,-0.011743555,0.73377216
713543822,0.6791004,-0.003585686,-0.013507488,0.73391247
713595828,0.6790843,-0.003270242,-0.013605537,0.73392695
713647836,0.678804,-0.003659457,-0.013149439,0.7341927
713699719,0.6784696,-0.003867479,-0.013764643,0.7344894
713751732,0.67809194,-0.003269633,-0.013280907,0.73484993
713803716,0.6779537,-0.004356469,-0.014792774,0.7349429
713855714,0.6780782,-0.004806241,-0.014814791,0.7348248
713907710,0.67838264,-0.006260446,-0.013975543,0.7345492
713959711,0.67885005,-0.006127382,-0.01336648,0.7341298
714011711,0.6795019,-0.006194037,-0.011814491,0.7335525
714063727,0.6802242,-0.006371417,-0.010653353,0.7328991
714115719,0.6808632,-0.004422896,-0.012247513,0.73229486
714171719,0.68116564,-0.004555838,-0.011359183,0.7320271
714223716,0.6818391,-0.002440813,-0.010002158,0.7314298
714275717,0.6825026,0.000144632,-0.014243341,0.7307444
714327716,0.68340707,-0.000349201,-0.014955851,0.7298843
714381316,0.68460953,0.003275532,-0.015785884,0.72873175
714433361,0.6864236,0.005895857,-0.016374396,0.7269937
714485312,0.6877918,0.004214027,-0.017470164,0.72568554
714537328,0.68868285,0.003297383,-0.01859874,0.7248166
714589320,0.68947613,0.003112642,-0.01907996,0.72405046
714641321,0.6901631,0.002886633,-0.019021276,0.7233981
714693350,0.6905717,0.003760268,-0.018465335,0.7230184
714745311,0.691005,0.004521099,-0.01754567,0.72262293
714801314,0.69102466,0.004052883,-0.017780783,0.7226011
714853314,0.69098896,0.004218003,-0.017617203,0.72263837
714905310,0.6908706,0.004192588,-0.017806359,0.7227471
714957310,0.69075125,0.004108575,-0.018074462,0.72285485
715009327,0.69073975,0.003989174,-0.01810619,0.72286576
715061324,0.6904752,0.003692593,-0.018229881,0.72311693
715114913,0.69027865,0.004087802,-0.018043384,0.7233071
715166917,0.6901146,0.004322891,-0.018018672,0.72346294
715218912,0.6900653,0.004195432,-0.018089982,0.72350883
715270917,0.6899809,0.004181882,-0.018054731,0.7235903
715322912,0.68995845,0.004316419,-0.018004805,0.72361225
715378912,0.68979985,0.004375916,-0.017987963,0.7237634
715430911,0.6898352,0.004589597,-0.017927276,0.72372997
715482912,0.6899119,0.004248458,-0.018104887,0.72365445
715534912,0.6898551,0.004206085,-0.018083498,0.72370934
715586916,0.6897044,0.00432782,-0.01802722,0.72385377
715638914,0.6897639,0.004230049,-0.01801241,0.723798
715690930,0.68971556,0.004467734,-0.017900096,0.72384536
715742910,0.68979317,0.00463096,-0.017856369,0.7237715
715798918,0.68979603,0.0046518,-0.017815007,0.7237696
715851830,0.6898841,0.004634523,-0.017871343,0.7236844
715903837,0.689792,0.004672708,-0.017857786,0.7237723
715955833,0.68975675,0.00466806,-0.017873883,0.72380555
716007828,0.68981177,0.004675078,-0.017859466,0.72375345
716059713,0.689861,0.004712687,-0.017850203,0.7237064
716111719,0.6898186,0.00460775,-0.017907577,0.7237462
716163716,0.6897829,0.00459885,-0.017956642,0.72377896
716215728,0.68976253,0.004505419,-0.018032216,0.7237971
716267713,0.68974274,0.004610864,-0.017981341,0.72381663
716319714,0.6897569,0.004450939,-0.01807072,0.7238019
716371719,0.68979204,0.004410765,-0.018015938,0.7237699
716423710,0.68978226,0.004504856,-0.01797872,0.7237796
716475714,0.6897459,0.004571484,-0.017961202,0.72381437
716527712,0.68980646,0.004599503,-0.017967282,0.72375625
716579728,0.6897863,0.004314234,-0.018067634,0.72377473
716635716,0.6898906,0.004229486,-0.018015616,0.7236771
716687718,0.6898963,0.00420158,-0.018029187,0.7236715
716739718,0.68997264,0.003985267,-0.018160716,0.72359663
716792661,0.6900316,0.004024968,-0.018152384,0.7235405
716844647,0.6900874,0.003718286,-0.018230585,0.7234869
716896619,0.69007176,0.003779574,-0.018230896,0.72350156
716948626,0.6901331,0.006380351,-0.01728205,0.72344804
717000630,0.6899235,0.007247195,-0.017061602,0.7236449
717052532,0.68985575,0.007346425,-0.017029423,0.7237093
717104519,0.68989164,0.007214525,-0.017034268,0.7236764
717160518,0.68987876,0.007332092,-0.017040964,0.72368723
717212519,0.6898793,0.00736811,-0.017022122,0.7236868
717264507,0.68987614,0.00738646,-0.017023727,0.72368956
717316516,0.6898814,0.007432973,-0.017029732,0.72368395
717368518,0.6898802,0.007412351,-0.01703372,0.7236852
717420517,0.6898785,0.007420291,-0.017044278,0.7236865
717472520,0.68984926,0.007460538,-0.017057383,0.72371364
717524544,0.6897841,0.007253409,-0.017135043,0.723776
717580510,0.6897666,0.006974718,-0.017207319,0.72379375
717632510,0.6897739,0.006901667,-0.017223954,0.72378707
717684512,0.68977934,0.006933135,-0.017276049,0.72378033
717737429,0.6897927,0.006977103,-0.017242948,0.72376806
717789422,0.6897897,0.006840462,-0.017315205,0.72377044
717841438,0.6897816,0.006818481,-0.017333968,0.72377795
717893430,0.6898394,0.006842084,-0.017362032,0.7237219
717945416,0.68977004,0.006829506,-0.01734836,0.7237885
717997367,0.68974406,0.006866219,-0.017348954,0.72381294
718049331,0.6898063,0.00683317,-0.017321236,0.7237545
718105314,0.6898039,0.006812871,-0.017376374,0.7237557
718157331,0.68977267,0.00673528,-0.017391777,0.7237858
718209316,0.689787,0.006674731,-0.01743396,0.72377175
718261325,0.6897167,0.006757796,-0.017407265,0.72383857
718313332,0.6897433,0.006781326,-0.017431345,0.72381246
718365317,0.6897315,0.006797435,-0.017400218,0.72382426
718417341,0.6897232,0.006777961,-0.017403381,0.7238323
718469311,0.68970716,0.006758398,-0.017400296,0.7238478
718525310,0.6897007,0.006720475,-0.017434005,0.7238535
718577313,0.6896719,0.006734997,-0.017442774,0.72388065
718629318,0.6897215,0.006754429,-0.017437425,0.72383326
718682231,0.68968016,0.006757843,-0.017424032,0.723873
718734918,0.6896704,0.006785822,-0.01745907,0.72388124
718786911,0.68970233,0.006749725,-0.017455515,0.72385114
718838918,0.6896567,0.006812,-0.017429981,0.7238947
718890921,0.6896237,0.006795683,-0.017487241,0.7239248
718942915,0.6896545,0.006778112,-0.017458191,0.7238964
718994916,0.6896429,0.006812239,-0.017440788,0.7239076
719046913,0.68969953,0.006795886,-0.017449645,0.7238536
719102912,0.6896774,0.006823008,-0.01746046,0.7238741
719154965,0.68957764,0.006849255,-0.017461028,0.7239689
719206909,0.68964136,0.006799229,-0.017445948,0.7239091
719258912,0.689656,0.006871908,-0.01740638,0.7238954
719310911,0.6896602,0.006846582,-0.017452456,0.7238905
719362920,0.689684,0.006783092,-0.017434776,0.7238688
719415827,0.68966407,0.006869323,-0.017439973,0.72388685
719467827,0.689693,0.006800314,-0.01747057,0.72385925
719519839,0.68966603,0.006803614,-0.017468704,0.7238849
719571834,0.68963766,0.006803174,-0.017499795,0.7239113
719623826,0.6896694,0.00680779,-0.017532127,0.7238802
719675713,0.6896546,0.006839449,-0.01749283,0.7238949
719727710,0.6896197,0.006845518,-0.017509637,0.7239277
719779712,0.6896215,0.006870916,-0.017485617,0.7239263
719831717,0.68964386,0.006847472,-0.017476263,0.7239055
719883728,0.6896313,0.006832546,-0.01754131,0.72391605
719939717,0.6896064,0.006914353,-0.017508445,0.72393966
719991707,0.6895948,0.006886874,-0.01753714,0.7239504
720043714,0.68963873,0.006879621,-0.017519236,0.72390896
720095717,0.6896281,0.006884443,-0.017517086,0.7239191
720147715,0.6895839,0.006910142,-0.017507672,0.7239613
720199711,0.68961567,0.006880114,-0.017517423,0.72393095
720251730,0.6896211,0.006877979,-0.01753085,0.72392553
720303718,0.6896714,0.006836352,-0.017546289,0.72387767
720356621,0.6896631,0.006837099,-0.017535686,0.7238858
720408618,0.6896666,0.006820497,-0.017530736,0.72388273
720460625,0.68963456,0.006840377,-0.017498001,0.7239138
720512624,0.6896511,0.006869385,-0.017465066,0.7238987
720564635,0.6896196,0.006811224,-0.01749384,0.7239285
720616512,0.68959534,0.006859742,-0.017491547,0.72395116
720668513,0.6896232,0.006823474,-0.017511,0.7239245
720720514,0.6896397,0.006841161,-0.017482335,0.7239093
720772511,0.6895781,0.006914838,-0.01746081,0.72396785
720828514,0.6896317,0.006889124,-0.017516486,0.7239157
720880511,0.68963015,0.006912435,-0.017496558,0.7239174
720932510,0.68964255,0.00689969,-0.01750018,0.7239057
720984514,0.689693,0.006921677,-0.01741965,0.7238593
721036509,0.689524,0.007309961,-0.01727313,0.72401994
721088530,0.6896269,0.007466699,-0.017300934,0.7239197
721140513,0.6895855,0.007411927,-0.017233573,0.72396123
721192518,0.68955123,0.007483123,-0.017224308,0.7239935
721248512,0.68960786,0.007498751,-0.017251965,0.72393864
721300518,0.6895392,0.007512683,-0.017230023,0.7240045
721353420,0.68957967,0.007540291,-0.017227203,0.7239657
721405431,0.68950975,0.007540249,-0.017223798,0.72403234
721457425,0.68958104,0.007541827,-0.01723766,0.7239641
721509421,0.6895346,0.007555443,-0.017211106,0.72400886
721561325,0.68955004,0.007556716,-0.01720201,0.7239943
721613320,0.6895553,0.007557536,-0.01720219,0.7239893
721665347,0.68954444,0.007565275,-0.017201561,0.7239996
721717331,0.6895621,0.007572203,-0.017186752,0.72398305
721769328,0.6895433,0.0075644,-0.017189376,0.72400105
721821321,0.68954957,0.007571463,-0.017190758,0.723995
721873307,0.6895447,0.007577362,-0.0171744,0.72399986
721925309,0.6895412,0.007580316,-0.017177103,0.7240031
721977310,0.6895475,0.007583739,-0.017179044,0.72399706
722030232,0.68953985,0.007591197,-0.017164469,0.72400457
722083026,0.68953985,0.00759698,-0.017152809,0.72400475
722135025,0.6895303,0.007606943,-0.017139193,0.7240141
722187022,0.6895295,0.007615993,-0.017132653,0.72401494
722239014,0.6895326,0.007620849,-0.017137513,0.7240118
722291025,0.6895276,0.007639855,-0.017127346,0.72401667
722342916,0.689525,0.007639816,-0.0171115,0.72401947
722394917,0.6895199,0.007639063,-0.017108342,0.72402436
722446930,0.68951166,0.007647581,-0.01710189,0.7240323
722498919,0.68950653,0.007648708,-0.017092602,0.72403747
722550918,0.6895059,0.007662393,-0.0170899,0.724038
722603713,0.6895115,0.007667764,-0.017093234,0.72403246
722655726,0.6895157,0.007669427,-0.017091688,0.7240284
722707713,0.6895164,0.007673149,-0.017090805,0.72402775
722756550,0.68951917,0.00767534,-0.017090205,0.7240251
722808553,0.6895263,0.007667874,-0.017089963,0.72401845
722860589,0.6895309,0.007672325,-0.017086351,0.72401404
722912554,0.6895338,0.007678341,-0.01708022,0.72401136
722964545,0.6895312,0.007688983,-0.017072016,0.7240139
723016548,0.6895259,0.007680953,-0.017073758,0.72401905
723068532,0.68952596,0.007682804,-0.017085707,0.7240187
723124508,0.68952525,0.007687544,-0.017089535,0.7240193
723176513,0.68952113,0.007702586,-0.01708819,0.724023
723228514,0.68951833,0.007710609,-0.017093938,0.7240254
723280510,0.68950963,0.007706943,-0.017104203,0.72403353
723332527,0.68950856,0.007720163,-0.01710492,0.7240344
723384517,0.6895086,0.007724312,-0.01710781,0.72403425
723436537,0.6895047,0.007732005,-0.017122464,0.7240376
